file,gain,input,rms_dBFS,THD_pct,THD_dBc,SNR_dB
REC\_29,0 dB,1 V,-12.5832851624709,0.00694801937843182,-83.1627795790115,34.8517178058221
REC\_51,20 dB,50 mV,-17.8224625408865,0.0115227472508262,-78.7688792834789,25.6232533314844
REC\_52,20 dB,100 mV,-11.7882758304417,0.0111078900657589,-79.0873685418323,53.4241558069028
REC\_55,20 dB,200 mV,-5.76895237904725,0.0138920578457093,-77.1446683396182,59.9539269013447
REC\_56,20 dB,500 mV,-1.55302091246315,22.3300098402766,-13.0222217109162,13.7464175687332
REC\_47,40 dB,50 mV,-3.218072902675,31.999333216014,-9.8971814233661,28.8099188133902
REC\_48,40 dB,100 mV,-1.78588856104978,36.2324471852282,-8.81804664354411,23.2408689965456
